{"errors":[],"warnings":[],"namedChunkGroups":{"polyfill":{"chunks":[2,0,9],"assets":["webpack-runtime-1fdf6b423f1154f041d2.js","webpack-runtime-1fdf6b423f1154f041d2.js.map","commons-34350af90669848e36cf.js","commons-34350af90669848e36cf.js.map","polyfill-b51087faa551b97588ee.js","polyfill-b51087faa551b97588ee.js.map"],"children":{},"childAssets":{}},"app":{"chunks":[2,10,8,3],"assets":["webpack-runtime-1fdf6b423f1154f041d2.js","webpack-runtime-1fdf6b423f1154f041d2.js.map","styles.58a1ac912fb3578e570e.css","styles-755093da0c07f4b49226.js","styles-755093da0c07f4b49226.js.map","framework-e2d419ac45d8ae41957a.js","framework-e2d419ac45d8ae41957a.js.map","app-4527ad60566aa8efa32c.js","app-4527ad60566aa8efa32c.js.map"],"children":{},"childAssets":{}},"component---src-pages-404-js":{"chunks":[0,4],"assets":["commons-34350af90669848e36cf.js","commons-34350af90669848e36cf.js.map","component---src-pages-404-js-aa9f1cbcc6f3aed265f6.js","component---src-pages-404-js-aa9f1cbcc6f3aed265f6.js.map"],"children":{},"childAssets":{}},"component---src-pages-index-js":{"chunks":[0,1,5],"assets":["commons-34350af90669848e36cf.js","commons-34350af90669848e36cf.js.map","cd7d5f864fc9e15ed8adef086269b0aeff617554-dde15b1a14499451bb9f.js","cd7d5f864fc9e15ed8adef086269b0aeff617554-dde15b1a14499451bb9f.js.map","component---src-pages-index-js-a46e6d8c592d9e85002c.js","component---src-pages-index-js-a46e6d8c592d9e85002c.js.map"],"children":{},"childAssets":{}},"component---src-pages-using-typescript-tsx":{"chunks":[0,6],"assets":["commons-34350af90669848e36cf.js","commons-34350af90669848e36cf.js.map","component---src-pages-using-typescript-tsx-343e65b8f05e179e3233.js","component---src-pages-using-typescript-tsx-343e65b8f05e179e3233.js.map"],"children":{},"childAssets":{}},"component---src-templates-blog-post-js":{"chunks":[0,1,7],"assets":["commons-34350af90669848e36cf.js","commons-34350af90669848e36cf.js.map","cd7d5f864fc9e15ed8adef086269b0aeff617554-dde15b1a14499451bb9f.js","cd7d5f864fc9e15ed8adef086269b0aeff617554-dde15b1a14499451bb9f.js.map","component---src-templates-blog-post-js-5952f0a3628569676198.js","component---src-templates-blog-post-js-5952f0a3628569676198.js.map"],"children":{},"childAssets":{}}},"assetsByChunkName":{"polyfill":["webpack-runtime-1fdf6b423f1154f041d2.js","commons-34350af90669848e36cf.js","polyfill-b51087faa551b97588ee.js"],"app":["webpack-runtime-1fdf6b423f1154f041d2.js","styles.58a1ac912fb3578e570e.css","styles-755093da0c07f4b49226.js","framework-e2d419ac45d8ae41957a.js","app-4527ad60566aa8efa32c.js"],"component---src-pages-404-js":["commons-34350af90669848e36cf.js","component---src-pages-404-js-aa9f1cbcc6f3aed265f6.js"],"component---src-pages-index-js":["commons-34350af90669848e36cf.js","cd7d5f864fc9e15ed8adef086269b0aeff617554-dde15b1a14499451bb9f.js","component---src-pages-index-js-a46e6d8c592d9e85002c.js"],"component---src-pages-using-typescript-tsx":["commons-34350af90669848e36cf.js","component---src-pages-using-typescript-tsx-343e65b8f05e179e3233.js"],"component---src-templates-blog-post-js":["commons-34350af90669848e36cf.js","cd7d5f864fc9e15ed8adef086269b0aeff617554-dde15b1a14499451bb9f.js","component---src-templates-blog-post-js-5952f0a3628569676198.js"]}}